title,description,is_public,password,user_id,room_category_id
같이 보실 분?,방 설명,True,,1,1
런닝맨,방 설명,True,,2,1
무한도전,방 설명,False,1234,3,1
스우파,방 설명,True,,4,1
미우새,방 설명,True,,5,1
철구 방송,방 설명,False,1234,6,1
보겸 컴백,방 설명,False,1234,7,1
하이엘린,방 설명,True,,8,1
롤챔스 생중계,방 설명,False,1234,9,1
오버워치 에임 장인,방 설명,True,,10,1
영화 보실 분,방 설명,False,1234,11,1
마블 영화 몰아보기,방 설명,True,,12,1
아이언맨 시점에서 다시 보기,방 설명,True,,13,1
귀멸의 칼날 시즌1,방 설명,False,1234,14,1
키부츠지 무잔 변천사,방 설명,False,1234,15,1
오징어게임 흥행 이유,방 설명,True,,16,1
프로즈 캐서디 강의,방 설명,False,1234,16,1
추억의 게임 테트리스,방 설명,True,,17,1
바람의 나라 연서버,방 설명,True,,18,1
로스트아크 사과몽,방 설명,False,1234,19,1
해물파전의 긍정롤,방 설명,False,1234,20,1
요리이치vs코쿠시보,방 설명,True,,21,1
강철의연금술사 브라더후드 전시리즈,방 설명,False,1234,22,1
대탈출 시즌5?,방 설명,True,,22,1
놀면뭐하니 실시간,방 설명,True,,23,1
유퀴즈 조세호의 굴욕,방 설명,False,1234,24,1
삼겹살 잘 굽는 법,방 설명,False,1234,25,1
마이야르의 중요성 강의,방 설명,False,1234,26,1
복면가왕 역대 가왕 모음,방 설명,True,,27,1
아무나 오세요,방 설명,False,1234,28,1
이터널스 후기방,방 설명,True,,29,1
도어락 배터리 방전 시 꿀팁!,방 설명,True,,30,1
부의 축적 단계 쉽게,방 설명,False,1234,31,1
여러분에게 돈 버는 비법 알려드립니다,방 설명,True,,32,1
삼전에 물렸다고 낙담 마세요,방 설명,False,1234,33,1
김종민 천재설?!,방 설명,True,,34,1
반도체 호황은 옛말,방 설명,True,,35,1
AI 개발팀에 철학자가 꼭 포함되는 이유,방 설명,False,1234,36,1
테슬라 자율주행 신기술 발표 이슈,방 설명,True,,37,1
제발 일론 머스크 트위터 좀 막아주세요,방 설명,True,,38,1
사이버트럭은 정말 출시될까?,방 설명,False,1234,39,1
혁도의 발현 순서,방 설명,True,,40,1
우주의 기원(내셔널지오그래피),방 설명,False,1234,41,1
지리산 김은희 작가 인생 최대,방 설명,False,1234,42,1
넷플릭스 화제작 지옥,방 설명,True,,43,1
미생 몰아보기,방 설명,True,,44,1
오미크론 확산세 뉴스 종합,방 설명,True,,45,1
코로나 방역 상태 실체 조사,방 설명,True,,46,1
고구마 맛탕 참 쉽쥬?,방 설명,False,1234,47,1
기안84 새로 차 뽑은 썰,방 설명,True,,48,1
dk yoo 경기 결과 후기,방 설명,True,,49,1
쉬샤오둥 vs 무술인,방 설명,False,1234,50,1
커피 원두 이거 꼭 체크하세요.,방 설명,True,,51,1
자전거로 국토종주 빠르게 감상,방 설명,False,1234,52,1
쯔양 맛집 실시간,방 설명,False,1234,53,1
영원히 죽지 않는 불멸의 삶,방 설명,True,,54,1
엠뚜루마뚜루 라디오 스타 모음,방 설명,True,,55,1
채팅 금지입니다,방 설명,False,1234,56,1
1970년대 서울의 모습 컬러판,방 설명,True,,57,1
생활코딩 도커편,방 설명,True,,58,1
혼자 있고 싶어요. 아무도 들어오지 마세요.,방 설명,True,,59,1
꿈 해몽 해 드립니다.,방 설명,False,1234,60,1