email,password,phone_number,nickname,profile_image_url,login_method,platform_id,description
moska1@gmail.com,aaa123!@,01012345678,봉개발,,libido,,안녕하세요. 봉개발입니다.
moska2@gmail.com,aaa123!@,01012345678,설개발,,google,234514,안녕하세요. 설개발입니다.
moska3@gmail.com,aaa123!@,01012345678,장개발,,naver,34351435,안녕하세요. 장개발입니다.
moska4@gmail.com,aaa123!@,01012345678,최개발,,libido,,안녕하세요. 최개발입니다.
moska5@gmail.com,aaa123!@,01012345678,이창규,,google,23425453,안녕하세요. 이창규입니다.
moska6@gmail.com,aaa123!@,01012345678,채응경,,libido,,안녕하세요. 채응경입니다.
moska7@gmail.com,aaa123!@,01012345678,하교빈,,google,16735456,안녕하세요. 하교빈입니다.
moska8@gmail.com,aaa123!@,01012345678,강재원,,naver,25436457,안녕하세요. 강재원입니다.
moska9@gmail.com,aaa123!@,01012345678,장지웡,,libido,,안녕하세요. 장지웡입니다.
moska10@gmail.com,aaa123!@,01012345678,이주경,,google,134266,안녕하세요. 이주경입니다.
moska11@gmail.com,aaa123!@,01012345678,정소영,,naver,267657456,안녕하세요. 정소영입니다.
moska12@gmail.com,aaa123!@,01012345678,전지후,,libido,,안녕하세요. 전지후입니다.
moska13@gmail.com,aaa123!@,01012345678,유반문,,google,15473345,안녕하세요. 유반문입니다.
moska14@gmail.com,aaa123!@,01012345678,이재은,,naver,254747,안녕하세요. 이재은입니다.
moska15@gmail.com,aaa123!@,01012345678,한화향,,libido,,안녕하세요. 한화향입니다.
moska16@gmail.com,aaa123!@,01012345678,박만종,,google,14356643,안녕하세요. 박만종입니다.
moska17@gmail.com,aaa123!@,01012345678,임재범,,naver,254374635,안녕하세요. 임재범입니다.
moska18@gmail.com,aaa123!@,01012345678,권성형,,libido,,안녕하세요. 권성형입니다.
moska19@gmail.com,aaa123!@,01012345678,박퍼플,,google,15465437,안녕하세요. 박퍼플입니다.
moska20@gmail.com,aaa123!@,01012345678,신유징,,naver,267653456,안녕하세요. 신유징입니다.
moska21@gmail.com,aaa123!@,01012345678,이드래곤,,libido,,안녕하세요. 이드래곤입니다.
moska22@gmail.com,aaa123!@,01012345678,연수르,,google,1637465,안녕하세요. 연수르입니다.
moska23@gmail.com,aaa123!@,01012345678,권만성,,naver,23453456,안녕하세요. 권만성입니다.
moska24@gmail.com,aaa123!@,01012345678,엘리자베스장,,libido,,안녕하세요. 엘리자베스장입니다.
moska25@gmail.com,aaa123!@,01012345678,박대형,,google,15346456,안녕하세요. 박대형입니다.
moska26@gmail.com,aaa123!@,01012345678,안재후,,naver,26548657,안녕하세요. 안재후입니다.
moska27@gmail.com,aaa123!@,01012345678,옥구슬,,libido,,안녕하세요. 옥구슬입니다.
moska28@gmail.com,aaa123!@,01012345678,전장미,,google,14536456,안녕하세요. 전장미입니다.
moska29@gmail.com,aaa123!@,01012345678,김썸머,,naver,26474365,안녕하세요. 김썸머입니다.
moska30@gmail.com,aaa123!@,01012345678,박윤소,,libido,,안녕하세요. 박윤소입니다.
moska31@gmail.com,aaa123!@,01012345678,양상호,,google,675435,안녕하세요. 양상호입니다.
moska32@gmail.com,aaa123!@,01012345678,지비연,,naver,2654784356,안녕하세요. 지비연입니다.
moska33@gmail.com,aaa123!@,01012345678,석해주,,libido,,안녕하세요. 석해주입니다.
moska34@gmail.com,aaa123!@,01012345678,김유송,,google,32543256,안녕하세요. 김유송입니다.
moska35@gmail.com,aaa123!@,01012345678,오정택,,naver,254364325,안녕하세요. 오정택입니다.
moska36@gmail.com,aaa123!@,01012345678,안덕담,,libido,,안녕하세요. 안덕담입니다.
moska37@gmail.com,aaa123!@,01012345678,병민쓰,,google,14536746,안녕하세요. 병민쓰입니다.
moska38@gmail.com,aaa123!@,01012345678,엔젤신영,,naver,265475346,안녕하세요. 엔젤신영입니다.
moska39@gmail.com,aaa123!@,01012345678,손은후,,libido,,안녕하세요. 손은후입니다.
moska40@gmail.com,aaa123!@,01012345678,김혜리,,google,1657453,안녕하세요. 김혜리입니다.
